fournisseur;siret_fournisseur;siret_payeur;code_fournisseur;code_maison;maison;num_commande;date_commande;num_bl;date_bl;num_facture;date_facture;date_echeance;nature_facture;devise;reference_article;code_ean;libelle;famille;qte;px_unitaire_brut;px_unitaire_net;montant_brut;montant_remise;montant_net;taux_tva;montant_tva;montant_ttc;nom_client;num_serie;Commentaire;
"MG Developpement";"441407061";"517780870";;"GF10";"GRAN";"002GF10";"20221102";"17089";"20221102";"f_12511";"20221102";"20221231";"FA";"EUR";"3661871125994";"3661871125994";"MINI BROSS NET 50ML (GA) - Pack de 24";"Nettoyage";2.00;;58.80;;;117.60;2000;23.52;141.12;;;;
"MG Developpement";"441407061";"517780870";;"GF10";;"002GF10";"20221102";"17089";"20221102";"f_12511";"20221102";"20221231";"FA";"EUR";"PORTLOC";"PORTLOC";"Port Local";"Consommable";1.00;;12.00;;;12.00;2000;2.40;14.40;;;;
"MG Developpement";"441407061";"517780870";;"GA103";"GRAN";"C103000042";"20221028";"17090";"20221102";"f_12512";"20221102";"20221231";"FA";"EUR";"3661871125994";"3661871125994";"MINI BROSS NET 50ML (GA) - Pack de 24";"Nettoyage";1.00;;58.80;;;58.80;2000;11.76;70.56;;;;
"MG Developpement";"441407061";"517780870";;"GA103";"GRAN";"C103000042";"20221028";"17090";"20221102";"f_12512";"20221102";"20221231";"FA";"EUR";"3661871126045";"3661871126045";"LINGETTES NETTOYANTE AUDIO (GA) - Pack 20 boites de 50 Lingettes";"Nettoyage";2.00;;42.00;;;84.00;2000;16.80;100.80;;;;
"MG Developpement";"441407061";"517780870";;"GA103";"GRAN";"C103000042";"20221028";"17090";"20221102";"f_12512";"20221102";"20221231";"FA";"EUR";"3661871126007";"3661871126007";"CAPSULE ASSECHANTE (GA) - Pack 24 boites de 4 Capsules";"Séchage";1.00;;48.00;;;48.00;2000;9.60;57.60;;;;
"MG Developpement";"441407061";"517780870";;"GA103";"GRAN";"C103000042";"20221028";"17090";"20221102";"f_12512";"20221102";"20221231";"FA";"EUR";"3661871126144";"3661871126144";"SPRAY GAZ SECHAGE 150ML (GA) - Pack de 12";"Séchage";1.00;;42.00;;;42.00;2000;8.40;50.40;;;;
"MG Developpement";"441407061";"517780870";;"GA103";;"C103000042";"20221028";"17090";"20221102";"f_12512";"20221102";"20221231";"FA";"EUR";"PORTLOC";"PORTLOC";"Port Local";"Consommable";1.00;;16.00;;;16.00;2000;3.20;19.20;;;;
"MG Developpement";"441407061";"517780870";;"587";"ACUI";"C587000157";"20221029";"17114";"20221104";"f_12513";"20221104";"20221231";"FA";"EUR";"3661871125703";"3661871125703";"CAPSULE ASSECHANTE - Pack de 24 boites de 4 capsules";"Séchage";2.00;;48.00;;;96.00;2000;19.20;115.20;;;;
"MG Developpement";"441407061";"517780870";;"587";"ACUI";"C587000157";"20221029";"17114";"20221104";"f_12513";"20221104";"20221231";"FA";"EUR";"3661871125611";"3661871125611";"MINI BROSS NET GAZ 50 ML - Pack de 24";"Nettoyage";3.00;;58.80;;;176.40;2000;35.28;211.68;;;;
"MG Developpement";"441407061";"517780870";;"587";"ACUI";"C587000157";"20221029";"17114";"20221104";"f_12513";"20221104";"20221231";"FA";"EUR";"3661871125659";"3661871125659";"GOBELET DE NETTOYAGE ET DE SECHAGE - Pack de 20";"Mixte";1.00;;24.00;;;24.00;2000;4.80;28.80;;;;
"MG Developpement";"441407061";"517780870";;"587";"ACUI";"C587000157";"20221029";"17114";"20221104";"f_12513";"20221104";"20221231";"FA";"EUR";"3661871125697";"3661871125697";"SPRAY GAZ SECHAGE (Labo) 150 ML - Unité";"Séchage";10.00;;3.50;;;35.00;2000;7.00;42.00;;;;
"MG Developpement";"441407061";"517780870";;"587";;"C587000157";"20221029";"17114";"20221104";"f_12513";"20221104";"20221231";"FA";"EUR";"PORTLOC";"PORTLOC";"Port Local";"Consommable";1.00;;12.00;;;12.00;2000;2.40;14.40;;;;
"MG Developpement";"441407061";"517780870";;"GF05";"GRAN";"C501000533";"20221104";"17167";"20221107";"f_12545";"20221107";"20221231";"FA";"EUR";"3661871125994";"3661871125994";"MINI BROSS NET 50ML (GA) - Pack de 24";"Nettoyage";1.00;;58.80;;;58.80;2000;11.76;70.56;;;;
"MG Developpement";"441407061";"517780870";;"GF05";"GRAN";"C501000533";"20221104";"17167";"20221107";"f_12545";"20221107";"20221231";"FA";"EUR";"3661871126045";"3661871126045";"LINGETTES NETTOYANTE AUDIO (GA) - Pack 20 boites de 50 Lingettes";"Nettoyage";2.00;;42.00;;;84.00;2000;16.80;100.80;;;;
"MG Developpement";"441407061";"517780870";;"GF05";"GRAN";"C501000533";"20221104";"17167";"20221107";"f_12545";"20221107";"20221231";"FA";"EUR";"3661871126076";"3661871126076";"GOBELET DE SECHAGE (GA) - Pack de 20";"Séchage";1.00;;24.00;;;24.00;2000;4.80;28.80;;;;
"MG Developpement";"441407061";"517780870";;"GF05";"GRAN";"C501000533";"20221104";"17167";"20221107";"f_12545";"20221107";"20221231";"FA";"EUR";"3661871126144";"3661871126144";"SPRAY GAZ SECHAGE 150ML (GA) - Pack de 12";"Séchage";2.00;;42.00;;;84.00;2000;16.80;100.80;;;;
"MG Developpement";"441407061";"517780870";;"GF05";;"C501000533";"20221104";"17167";"20221107";"f_12545";"20221107";"20221231";"FA";"EUR";"PORTLOC";"PORTLOC";"Port Local";"Consommable";1.00;;12.00;;;12.00;2000;2.40;14.40;;;;
"MG Developpement";"441407061";"517780870";;"ARI002";"GRAN";"C802000002";"20221104";"17168";"20221107";"f_12546";"20221107";"20221231";"FA";"EUR";"3661871126045";"3661871126045";"LINGETTES NETTOYANTE AUDIO (GA) - Pack 20 boites de 50 Lingettes";"Nettoyage";2.00;;42.00;;;84.00;2000;16.80;100.80;;;;
"MG Developpement";"441407061";"517780870";;"ARI002";"GRAN";"C802000002";"20221104";"17168";"20221107";"f_12546";"20221107";"20221231";"FA";"EUR";"3661871125994";"3661871125994";"MINI BROSS NET 50ML (GA) - Pack de 24";"Nettoyage";2.00;;58.80;;;117.60;2000;23.52;141.12;;;;
"MG Developpement";"441407061";"517780870";;"ARI002";;"C802000002";"20221104";"17168";"20221107";"f_12546";"20221107";"20221231";"FA";"EUR";"PORTLOC";"PORTLOC";"Port Local";"Consommable";1.00;;12.00;;;12.00;2000;2.40;14.40;;;;
"MG Developpement";"441407061";"517780870";;"GF08";"GRAN";"C310000001";"20221103";"17169";"20221107";"f_12547";"20221107";"20221231";"FA";"EUR";"3661871125994";"3661871125994";"MINI BROSS NET 50ML (GA) - Pack de 24";"Nettoyage";1.00;;58.80;;;58.80;2000;11.76;70.56;;;;
"MG Developpement";"441407061";"517780870";;"GF08";"GRAN";"C310000001";"20221103";"17169";"20221107";"f_12547";"20221107";"20221231";"FA";"EUR";"3661871126007";"3661871126007";"CAPSULE ASSECHANTE (GA) - Pack 24 boites de 4 Capsules";"Séchage";1.00;;48.00;;;48.00;2000;9.60;57.60;;;;
"MG Developpement";"441407061";"517780870";;"GF08";"GRAN";"C310000001";"20221103";"17169";"20221107";"f_12547";"20221107";"20221231";"FA";"EUR";"3661871126045";"3661871126045";"LINGETTES NETTOYANTE AUDIO (GA) - Pack 20 boites de 50 Lingettes";"Nettoyage";3.00;;42.00;;;126.00;2000;25.20;151.20;;;;
"MG Developpement";"441407061";"517780870";;"GF08";"GRAN";"C310000001";"20221103";"17169";"20221107";"f_12547";"20221107";"20221231";"FA";"EUR";"3661871126076";"3661871126076";"GOBELET DE SECHAGE (GA) - Pack de 20";"Séchage";1.00;;24.00;;;24.00;2000;4.80;28.80;;;;
"MG Developpement";"441407061";"517780870";;"GF08";"GRAN";"C310000001";"20221103";"17169";"20221107";"f_12547";"20221107";"20221231";"FA";"EUR";"3661871126144";"3661871126144";"SPRAY GAZ SECHAGE 150ML (GA) - Pack de 12";"Séchage";1.00;;42.00;;;42.00;2000;8.40;50.40;;;;
"MG Developpement";"441407061";"517780870";;"GF08";;"C310000001";"20221103";"17169";"20221107";"f_12547";"20221107";"20221231";"FA";"EUR";"PORTLOC";"PORTLOC";"Port Local";"Consommable";1.00;;21.00;;;21.00;2000;4.20;25.20;;;;
"MG Developpement";"441407061";"517780870";;"104";"ACUI";"conso_1859";"20221103";"17177";"20221107";"f_12548";"20221107";"20221231";"FA";"EUR";"3661871125642";"3661871125642";"LINGETTE NETTOYANTE AUDIO - Pack de 20 boites de 50 Lingettes";"Nettoyage";1.00;;42.00;;;42.00;2000;8.40;50.40;;;;
"MG Developpement";"441407061";"517780870";;"104";"ACUI";"conso_1859";"20221103";"17177";"20221107";"f_12548";"20221107";"20221231";"FA";"EUR";"3661871125611";"3661871125611";"MINI BROSS NET GAZ 50 ML - Pack de 24";"Nettoyage";1.00;;58.80;;;58.80;2000;11.76;70.56;;;;
"MG Developpement";"441407061";"517780870";;"104";"ACUI";"conso_1859";"20221103";"17177";"20221107";"f_12548";"20221107";"20221231";"FA";"EUR";"3661871125703";"3661871125703";"CAPSULE ASSECHANTE - Pack de 24 boites de 4 capsules";"Séchage";1.00;;48.00;;;48.00;2000;9.60;57.60;;;;
"MG Developpement";"441407061";"517780870";;"104";;"conso_1859";"20221103";"17177";"20221107";"f_12548";"20221107";"20221231";"FA";"EUR";"PORTLOC";"PORTLOC";"Port Local";"Consommable";1.00;;12.00;;;12.00;2000;2.40;14.40;;;;
"MG Developpement";"441407061";"517780870";;"105";"ACUI";"C105003090";"20221103";"17178";"20221107";"f_12549";"20221107";"20221231";"FA";"EUR";"3661871125642";"3661871125642";"LINGETTE NETTOYANTE AUDIO - Pack de 20 boites de 50 Lingettes";"Nettoyage";2.00;;42.00;;;84.00;2000;16.80;100.80;;;;
"MG Developpement";"441407061";"517780870";;"105";;"C105003090";"20221103";"17178";"20221107";"f_12549";"20221107";"20221231";"FA";"EUR";"PORTLOC";"PORTLOC";"Port Local";"Consommable";1.00;;12.00;;;12.00;2000;2.40;14.40;;;;
"MG Developpement";"441407061";"517780870";;"115";"ACUI";"C115001110";"20221104";"17179";"20221107";"f_12550";"20221107";"20221231";"FA";"EUR";"3661871125642";"3661871125642";"LINGETTE NETTOYANTE AUDIO - Pack de 20 boites de 50 Lingettes";"Nettoyage";2.00;;42.00;;;84.00;2000;16.80;100.80;;;;
"MG Developpement";"441407061";"517780870";;"115";;"C115001110";"20221104";"17179";"20221107";"f_12550";"20221107";"20221231";"FA";"EUR";"PORTLOC";"PORTLOC";"Port Local";"Consommable";1.00;;12.00;;;12.00;2000;2.40;14.40;;;;
"MG Developpement";"441407061";"517780870";;"GA205";"GRAN";"C205001790";"20221103";"17180";"20221107";"f_12553";"20221107";"20221231";"FA";"EUR";"3661871126045";"3661871126045";"LINGETTES NETTOYANTE AUDIO (GA) - Pack 20 boites de 50 Lingettes";"Nettoyage";4.00;;42.00;;;168.00;2000;33.60;201.60;;;;
"MG Developpement";"441407061";"517780870";;"GA205";;"C205001790";"20221103";"17180";"20221107";"f_12553";"20221107";"20221231";"FA";"EUR";"PORTLOC";"PORTLOC";"Port Local";"Consommable";1.00;;16.00;;;16.00;2000;3.20;19.20;;;;
"MG Developpement";"441407061";"517780870";;"1802";"ACUI";"réappro  V";"20221028";"17218";"20221109";"f_12584";"20221109";"20221231";"FA";"EUR";"3661871125611";"3661871125611";"MINI BROSS NET GAZ 50 ML - Pack de 24";"Nettoyage";10.00;;58.80;;;588.00;2000;117.60;705.60;;;;
"MG Developpement";"441407061";"517780870";;"1802";"ACUI";"réappro  V";"20221028";"17218";"20221109";"f_12584";"20221109";"20221231";"FA";"EUR";"3661871125611";"3661871125611";"MINI BROSS NET GAZ 50 ML - Pack de 24";"Nettoyage";30.00;;58.80;;;1764.00;2000;352.80;2116.80;;;;
"MG Developpement";"441407061";"517780870";;"1802";"ACUI";"réappro  V";"20221028";"17218";"20221109";"f_12584";"20221109";"20221231";"FA";"EUR";"3661871125659";"3661871125659";"GOBELET DE NETTOYAGE ET DE SECHAGE - Pack de 20";"Mixte";8.00;;24.00;;;192.00;2000;38.40;230.40;;;;
"MG Developpement";"441407061";"517780870";;"1802";"ACUI";"réappro  V";"20221028";"17218";"20221109";"f_12584";"20221109";"20221231";"FA";"EUR";"3661871125611";"3661871125611";"MINI BROSS NET GAZ 50 ML - Pack de 24";"Nettoyage";20.00;;58.80;;;1176.00;2000;235.20;1411.20;;;;
"MG Developpement";"441407061";"517780870";;"110";"ACUI";"BL 17153";;"RFA";"20221104";"f_12585";"20221104";"20221231";"FA";"EUR";"3661871127172";"3661871127172";"PERFECT CLEAN (Appareil d'Entretien) - Pack de 2";"PerfectClean";1.00;;158.00;;;158.00;2000;31.60;189.60;;;;
"MG Developpement";"441407061";"517780870";;"110";;"BL 17153";;"RFA";"20221104";"f_12585";"20221104";"20221231";"FA";"EUR";"PORTLOC";"PORTLOC";"Port Local";"Consommable";1.00;;12.00;;;12.00;2000;2.40;14.40;;;;
"MG Developpement";"441407061";"517780870";;"GF07";"GRAN";"C309000003";"20221107";"17267";"20221110";"f_12595";"20221110";"20221231";"FA";"EUR";"3661871126045";"3661871126045";"LINGETTES NETTOYANTE AUDIO (GA) - Pack 20 boites de 50 Lingettes";"Nettoyage";1.00;;42.00;;;42.00;2000;8.40;50.40;;;;
"MG Developpement";"441407061";"517780870";;"GF07";"GRAN";"C309000003";"20221107";"17267";"20221110";"f_12595";"20221110";"20221231";"FA";"EUR";"3661871126007";"3661871126007";"CAPSULE ASSECHANTE (GA) - Pack 24 boites de 4 Capsules";"Séchage";1.00;;48.00;;;48.00;2000;9.60;57.60;;;;
"MG Developpement";"441407061";"517780870";;"GF07";;"C309000003";"20221107";"17267";"20221110";"f_12595";"20221110";"20221231";"FA";"EUR";"PORTLOC";"PORTLOC";"Port Local";"Consommable";1.00;;12.00;;;12.00;2000;2.40;14.40;;;;
"MG Developpement";"441407061";"517780870";;"GF07";"GRAN";"C309000004";"20221108";"17269";"20221110";"f_12596";"20221110";"20221231";"FA";"EUR";"3661871125994";"3661871125994";"MINI BROSS NET 50ML (GA) - Pack de 24";"Nettoyage";1.00;;58.80;;;58.80;2000;11.76;70.56;;;;
"MG Developpement";"441407061";"517780870";;"GF07";"GRAN";"C309000004";"20221108";"17269";"20221110";"f_12596";"20221110";"20221231";"FA";"EUR";"3661871126007";"3661871126007";"CAPSULE ASSECHANTE (GA) - Pack 24 boites de 4 Capsules";"Séchage";1.00;;48.00;;;48.00;2000;9.60;57.60;;;;
"MG Developpement";"441407061";"517780870";;"GF07";"GRAN";"C309000004";"20221108";"17269";"20221110";"f_12596";"20221110";"20221231";"FA";"EUR";"3661871126045";"3661871126045";"LINGETTES NETTOYANTE AUDIO (GA) - Pack 20 boites de 50 Lingettes";"Nettoyage";1.00;;42.00;;;42.00;2000;8.40;50.40;;;;
"MG Developpement";"441407061";"517780870";;"GF07";;"C309000004";"20221108";"17269";"20221110";"f_12596";"20221110";"20221231";"FA";"EUR";"PORTLOC";"PORTLOC";"Port Local";"Consommable";1.00;;12.00;;;12.00;2000;2.40;14.40;;;;
"MG Developpement";"441407061";"517780870";;"110";"ACUI";"09112022_1";"20221109";"17287";"20221114";"f_12597";"20221114";"20221231";"FA";"EUR";"3661871125673";"3661871125673";"RECHARGE PERFECT CLEAN - Solution 30ML";"Refil PCL";1.00;;80.00;;;80.00;2000;16.00;96.00;;;;
"MG Developpement";"441407061";"517780870";;"110";;"09112022_1";"20221109";"17287";"20221114";"f_12597";"20221114";"20221231";"FA";"EUR";"PORTLOC";"PORTLOC";"Port Local";"Consommable";1.00;;10.00;;;10.00;2000;2.00;12.00;;;;
"MG Developpement";"441407061";"517780870";;"GA07";"GRAN";"C180001160";"20221110";"17296";"20221115";"f_12614";"20221115";"20221231";"FA";"EUR";"3661871125994";"3661871125994";"MINI BROSS NET 50ML (GA) - Pack de 24";"Nettoyage";2.00;;58.80;;;117.60;2000;23.52;141.12;;;;
"MG Developpement";"441407061";"517780870";;"GA07";"GRAN";"C180001160";"20221110";"17296";"20221115";"f_12614";"20221115";"20221231";"FA";"EUR";"3661871126007";"3661871126007";"CAPSULE ASSECHANTE (GA) - Pack 24 boites de 4 Capsules";"Séchage";2.00;;48.00;;;96.00;2000;19.20;115.20;;;;
"MG Developpement";"441407061";"517780870";;"GA07";"GRAN";"C180001160";"20221110";"17296";"20221115";"f_12614";"20221115";"20221231";"FA";"EUR";"3661871126045";"3661871126045";"LINGETTES NETTOYANTE AUDIO (GA) - Pack 20 boites de 50 Lingettes";"Nettoyage";3.00;;42.00;;;126.00;2000;25.20;151.20;;;;
"MG Developpement";"441407061";"517780870";;"GA07";"GRAN";"C180001160";"20221110";"17296";"20221115";"f_12614";"20221115";"20221231";"FA";"EUR";"3661871126076";"3661871126076";"GOBELET DE SECHAGE (GA) - Pack de 20";"Séchage";2.00;;24.00;;;48.00;2000;9.60;57.60;;;;
"MG Developpement";"441407061";"517780870";;"GA07";"GRAN";"C180001160";"20221110";"17296";"20221115";"f_12614";"20221115";"20221231";"FA";"EUR";"3661871126144";"3661871126144";"SPRAY GAZ SECHAGE 150ML (GA) - Pack de 12";"Séchage";2.00;;42.00;;;84.00;2000;16.80;100.80;;;;
"MG Developpement";"441407061";"517780870";;"A003";"ACUI";"001593";"20221110";"17297";"20221115";"f_12615";"20221115";"20221231";"FA";"EUR";"3661871125703";"3661871125703";"CAPSULE ASSECHANTE - Pack de 24 boites de 4 capsules";"Séchage";1.00;;48.00;;;48.00;2000;9.60;57.60;;;;
"MG Developpement";"441407061";"517780870";;"A003";"ACUI";"001593";"20221110";"17297";"20221115";"f_12615";"20221115";"20221231";"FA";"EUR";"3661871125635";"3661871125635";"COMPRIME EFFERVESCENT - Pack de 24 boites de 20 comprimés";"Nettoyage";1.00;;50.40;;;50.40;2000;10.08;60.48;;;;
"MG Developpement";"441407061";"517780870";;"A003";"ACUI";"001593";"20221110";"17297";"20221115";"f_12615";"20221115";"20221231";"FA";"EUR";"3661871125697";"3661871125697";"SPRAY GAZ SECHAGE (Labo) 150 ML - Unité";"Séchage";2.00;;3.50;;;7.00;2000;1.40;8.40;;;;
"MG Developpement";"441407061";"517780870";;"A003";"ACUI";"001593";"20221110";"17297";"20221115";"f_12615";"20221115";"20221231";"FA";"EUR";"3661871125659";"3661871125659";"GOBELET DE NETTOYAGE ET DE SECHAGE - Pack de 20";"Mixte";1.00;;24.00;;;24.00;2000;4.80;28.80;;;;
"MG Developpement";"441407061";"517780870";;"A003";"ACUI";"001593";"20221110";"17297";"20221115";"f_12615";"20221115";"20221231";"FA";"EUR";"3661871125611";"3661871125611";"MINI BROSS NET GAZ 50 ML - Pack de 24";"Nettoyage";2.00;;58.80;;;117.60;2000;23.52;141.12;;;;
"MG Developpement";"441407061";"517780870";;"A003";"ACUI";"001593";"20221110";"17297";"20221115";"f_12615";"20221115";"20221231";"FA";"EUR";"3661871125642";"3661871125642";"LINGETTE NETTOYANTE AUDIO - Pack de 20 boites de 50 Lingettes";"Nettoyage";2.00;;42.00;;;84.00;2000;16.80;100.80;;;;
"MG Developpement";"441407061";"517780870";;"502";"ACUI";"C502002508";"20221108";"17298";"20221115";"f_12616";"20221115";"20221231";"FA";"EUR";"3661871125611";"3661871125611";"MINI BROSS NET GAZ 50 ML - Pack de 24";"Nettoyage";3.00;;58.80;;;176.40;2000;35.28;211.68;;;;
"MG Developpement";"441407061";"517780870";;"502";"ACUI";"C502002508";"20221108";"17298";"20221115";"f_12616";"20221115";"20221231";"FA";"EUR";"3661871125642";"3661871125642";"LINGETTE NETTOYANTE AUDIO - Pack de 20 boites de 50 Lingettes";"Nettoyage";1.00;;42.00;;;42.00;2000;8.40;50.40;;;;
"MG Developpement";"441407061";"517780870";;"502";"ACUI";"C502002508";"20221108";"17298";"20221115";"f_12616";"20221115";"20221231";"FA";"EUR";"3661871125697";"3661871125697";"SPRAY GAZ SECHAGE (Labo) 150 ML - Unité";"Séchage";5.00;;3.50;;;17.50;2000;3.50;21.00;;;;
"MG Developpement";"441407061";"517780870";;"502";;"C502002508";"20221108";"17298";"20221115";"f_12616";"20221115";"20221231";"FA";"EUR";"PORTLOC";"PORTLOC";"Port Local";"Consommable";1.00;;16.00;;;16.00;2000;3.20;19.20;;;;
"MG Developpement";"441407061";"517780870";;"GA302";"GRAN";"C302000023";"20221110";"17299";"20221115";"f_12617";"20221115";"20221231";"FA";"EUR";"3661871126045";"3661871126045";"LINGETTES NETTOYANTE AUDIO (GA) - Pack 20 boites de 50 Lingettes";"Nettoyage";2.00;;42.00;;;84.00;2000;16.80;100.80;;;;
"MG Developpement";"441407061";"517780870";;"GA302";"GRAN";"C302000023";"20221110";"17299";"20221115";"f_12617";"20221115";"20221231";"FA";"EUR";"3661871125994";"3661871125994";"MINI BROSS NET 50ML (GA) - Pack de 24";"Nettoyage";2.00;;58.80;;;117.60;2000;23.52;141.12;;;;
"MG Developpement";"441407061";"517780870";;"GA302";;"C302000023";"20221110";"17299";"20221115";"f_12617";"20221115";"20221231";"FA";"EUR";"PORTLOC";"PORTLOC";"Port Local";"Consommable";1.00;;22.00;;;22.00;2000;4.40;26.40;;;;
"MG Developpement";"441407061";"517780870";;"ARI006";"GRAN";"C806000001";"20221114";"17300";"20221115";"f_12618";"20221115";"20221231";"FA";"EUR";"3661871125994";"3661871125994";"MINI BROSS NET 50ML (GA) - Pack de 24";"Nettoyage";2.00;;58.80;;;117.60;2000;23.52;141.12;;;;
"MG Developpement";"441407061";"517780870";;"ARI006";;"C806000001";"20221114";"17300";"20221115";"f_12618";"20221115";"20221231";"FA";"EUR";"PORTLOC";"PORTLOC";"Port Local";"Consommable";1.00;;12.00;;;12.00;2000;2.40;14.40;;;;
"MG Developpement";"441407061";"517780870";;"GA305";"GRAN";"C305000181";"20221110";"17301";"20221115";"f_12619";"20221115";"20221231";"FA";"EUR";"3661871125994";"3661871125994";"MINI BROSS NET 50ML (GA) - Pack de 24";"Nettoyage";2.00;;58.80;;;117.60;2000;23.52;141.12;;;;
"MG Developpement";"441407061";"517780870";;"GA305";;"C305000181";"20221110";"17301";"20221115";"f_12619";"20221115";"20221231";"FA";"EUR";"PORTLOC";"PORTLOC";"Port Local";"Consommable";1.00;;12.00;;;12.00;2000;2.40;14.40;;;;
"MG Developpement";"441407061";"517780870";;"588";"ACUI";"LINGETTE _";"20221110";"17303";"20221115";"f_12620";"20221115";"20221231";"FA";"EUR";"3661871125642";"3661871125642";"LINGETTE NETTOYANTE AUDIO - Pack de 20 boites de 50 Lingettes";"Nettoyage";2.00;;42.00;;;84.00;2000;16.80;100.80;;;;
"MG Developpement";"441407061";"517780870";;"588";;"LINGETTE _";"20221110";"17303";"20221115";"f_12620";"20221115";"20221231";"FA";"EUR";"PORTLOC";"PORTLOC";"Port Local";"Consommable";1.00;;12.00;;;12.00;2000;2.40;14.40;;;;
"MG Developpement";"441407061";"517780870";;"538";"ACUI";"C538002183";"20221114";"17304";"20221115";"f_12621";"20221115";"20221231";"FA";"EUR";"3661871125611";"3661871125611";"MINI BROSS NET GAZ 50 ML - Pack de 24";"Nettoyage";2.00;;58.80;;;117.60;2000;23.52;141.12;;;;
"MG Developpement";"441407061";"517780870";;"538";"ACUI";"C538002183";"20221114";"17304";"20221115";"f_12621";"20221115";"20221231";"FA";"EUR";"3661871125642";"3661871125642";"LINGETTE NETTOYANTE AUDIO - Pack de 20 boites de 50 Lingettes";"Nettoyage";2.00;;42.00;;;84.00;2000;16.80;100.80;;;;
"MG Developpement";"441407061";"517780870";;"538";"ACUI";"C538002183";"20221114";"17304";"20221115";"f_12621";"20221115";"20221231";"FA";"EUR";"3661871125659";"3661871125659";"GOBELET DE NETTOYAGE ET DE SECHAGE - Pack de 20";"Mixte";2.00;;24.00;;;48.00;2000;9.60;57.60;;;;
"MG Developpement";"441407061";"517780870";;"538";"ACUI";"C538002183";"20221114";"17304";"20221115";"f_12621";"20221115";"20221231";"FA";"EUR";"3661871125703";"3661871125703";"CAPSULE ASSECHANTE - Pack de 24 boites de 4 capsules";"Séchage";2.00;;48.00;;;96.00;2000;19.20;115.20;;;;
"MG Developpement";"441407061";"517780870";;"503";"ACUI";"C503002586";"20221115";"17323";"20221116";"f_12631";"20221116";"20221231";"FA";"EUR";"3661871125642";"3661871125642";"LINGETTE NETTOYANTE AUDIO - Pack de 20 boites de 50 Lingettes";"Nettoyage";1.00;;42.00;;;42.00;2000;8.40;50.40;;;;
"MG Developpement";"441407061";"517780870";;"503";"ACUI";"C503002586";"20221115";"17323";"20221116";"f_12631";"20221116";"20221231";"FA";"EUR";"3661871125611";"3661871125611";"MINI BROSS NET GAZ 50 ML - Pack de 24";"Nettoyage";1.00;;58.80;;;58.80;2000;11.76;70.56;;;;
"MG Developpement";"441407061";"517780870";;"503";;"C503002586";"20221115";"17323";"20221116";"f_12631";"20221116";"20221231";"FA";"EUR";"PORTLOC";"PORTLOC";"Port Local";"Consommable";1.00;;12.00;;;12.00;2000;2.40;14.40;;;;
"MG Developpement";"441407061";"517780870";;"A011";"ACUI";"@15/11/22";"20221115";"17324";"20221116";"f_12632";"20221116";"20221231";"FA";"EUR";"A0012981";"A0012981";"";"Nettoyage";4.00;;2.10;;;8.40;2000;1.68;10.08;;;;
"MG Developpement";"441407061";"517780870";;"A011";"ATTN : Fanny Dehalle";"@15/11/22";"20221115";"17324";"20221116";"f_12632";"20221116";"20221231";"FA";"EUR";"PORTLOC";"PORTLOC";"Port Local";"Consommable";1.00;;9.00;;;9.00;2000;1.80;10.80;;;;
"MG Developpement";"441407061";"517780870";;"503";"ACUI";"C503002569";"20221115";"17325";"20221116";"f_12633";"20221116";"20221231";"FA";"EUR";"3661871125611";"3661871125611";"MINI BROSS NET GAZ 50 ML - Pack de 24";"Nettoyage";3.00;;58.80;;;176.40;2000;35.28;211.68;;;;
"MG Developpement";"441407061";"517780870";;"503";;"C503002569";"20221115";"17325";"20221116";"f_12633";"20221116";"20221231";"FA";"EUR";"PORTLOC";"PORTLOC";"Port Local";"Consommable";1.00;;12.00;;;12.00;2000;2.40;14.40;;;;
"MG Developpement";"441407061";"517780870";;"GA02";"GRAN";"C120001771";"20221115";"17326";"20221116";"f_12634";"20221116";"20221231";"FA";"EUR";"3661871126007";"3661871126007";"CAPSULE ASSECHANTE (GA) - Pack 24 boites de 4 Capsules";"Séchage";1.00;;48.00;;;48.00;2000;9.60;57.60;;;;
"MG Developpement";"441407061";"517780870";;"GA02";;"C120001771";"20221115";"17326";"20221116";"f_12634";"20221116";"20221231";"FA";"EUR";"PORTLOC";"PORTLOC";"Port Local";"Consommable";1.00;;10.00;;;10.00;2000;2.00;12.00;;;;
"MG Developpement";"441407061";"517780870";;"A012";"ACUI";"@16/11/22";"20221116";"17366";"20221117";"f_12643";"20221117";"20230131";"FA";"EUR";"A0012981";"A0012981";"";"Nettoyage";4.00;;2.10;;;8.40;2000;1.68;10.08;;;;
"MG Developpement";"441407061";"517780870";;"A012";"ATTN : Laure Devin";"@16/11/22";"20221116";"17366";"20221117";"f_12643";"20221117";"20230131";"FA";"EUR";"PORTLOC";"PORTLOC";"Port Local";"Consommable";1.00;;10.00;;;10.00;2000;2.00;12.00;;;;
"MG Developpement";"441407061";"517780870";;"A003";"ACUI";"001020";"20221116";"17369";"20221117";"f_12644";"20221117";"20230131";"FA";"EUR";"3661871125703";"3661871125703";"CAPSULE ASSECHANTE - Pack de 24 boites de 4 capsules";"Séchage";1.00;;48.00;;;48.00;2000;9.60;57.60;;;;
"MG Developpement";"441407061";"517780870";;"A003";"ACUI";"001020";"20221116";"17369";"20221117";"f_12644";"20221117";"20230131";"FA";"EUR";"3661871125635";"3661871125635";"COMPRIME EFFERVESCENT - Pack de 24 boites de 20 comprimés";"Nettoyage";1.00;;50.40;;;50.40;2000;10.08;60.48;;;;
"MG Developpement";"441407061";"517780870";;"A003";"ACUI";"001020";"20221116";"17369";"20221117";"f_12644";"20221117";"20230131";"FA";"EUR";"3661871125697";"3661871125697";"SPRAY GAZ SECHAGE (Labo) 150 ML - Unité";"Séchage";2.00;;3.50;;;7.00;2000;1.40;8.40;;;;
"MG Developpement";"441407061";"517780870";;"A003";"ACUI";"001020";"20221116";"17369";"20221117";"f_12644";"20221117";"20230131";"FA";"EUR";"3661871125659";"3661871125659";"GOBELET DE NETTOYAGE ET DE SECHAGE - Pack de 20";"Mixte";1.00;;24.00;;;24.00;2000;4.80;28.80;;;;
"MG Developpement";"441407061";"517780870";;"A003";"ACUI";"001020";"20221116";"17369";"20221117";"f_12644";"20221117";"20230131";"FA";"EUR";"3661871125611";"3661871125611";"MINI BROSS NET GAZ 50 ML - Pack de 24";"Nettoyage";2.00;;58.80;;;117.60;2000;23.52;141.12;;;;
"MG Developpement";"441407061";"517780870";;"A003";"ACUI";"001020";"20221116";"17369";"20221117";"f_12644";"20221117";"20230131";"FA";"EUR";"3661871125642";"3661871125642";"LINGETTE NETTOYANTE AUDIO - Pack de 20 boites de 50 Lingettes";"Nettoyage";2.00;;42.00;;;84.00;2000;16.80;100.80;;;;
"MG Developpement";"441407061";"517780870";;"112";"ACUI";"16112022_1";"20221116";"17384";"20221118";"f_12665";"20221118";"20230131";"FA";"EUR";"3661871125611";"3661871125611";"MINI BROSS NET GAZ 50 ML - Pack de 24";"Nettoyage";1.00;;58.80;;;58.80;2000;11.76;70.56;;;;
"MG Developpement";"441407061";"517780870";;"112";"ACUI";"16112022_1";"20221116";"17384";"20221118";"f_12665";"20221118";"20230131";"FA";"EUR";"3661871125642";"3661871125642";"LINGETTE NETTOYANTE AUDIO - Pack de 20 boites de 50 Lingettes";"Nettoyage";2.00;;42.00;;;84.00;2000;16.80;100.80;;;;
"MG Developpement";"441407061";"517780870";;"112";;"16112022_1";"20221116";"17384";"20221118";"f_12665";"20221118";"20230131";"FA";"EUR";"PORTLOC";"PORTLOC";"Port Local";"Consommable";1.00;;16.00;;;16.00;2000;3.20;19.20;;;;
"MG Developpement";"441407061";"517780870";;"571";"ACUI";"C571000606";"20221115";"17385";"20221118";"f_12666";"20221118";"20230131";"FA";"EUR";"3661871125703";"3661871125703";"CAPSULE ASSECHANTE - Pack de 24 boites de 4 capsules";"Séchage";1.00;;48.00;;;48.00;2000;9.60;57.60;;;;
"MG Developpement";"441407061";"517780870";;"571";"ACUI";"C571000606";"20221115";"17385";"20221118";"f_12666";"20221118";"20230131";"FA";"EUR";"3661871125611";"3661871125611";"MINI BROSS NET GAZ 50 ML - Pack de 24";"Nettoyage";1.00;;58.80;;;58.80;2000;11.76;70.56;;;;
"MG Developpement";"441407061";"517780870";;"571";;"C571000606";"20221115";"17385";"20221118";"f_12666";"20221118";"20230131";"FA";"EUR";"PORTLOC";"PORTLOC";"Port Local";"Consommable";1.00;;12.00;;;12.00;2000;2.40;14.40;;;;
"MG Developpement";"441407061";"517780870";;"576";"ACUI";"MG4_187871";"20221116";"17386";"20221118";"f_12667";"20221118";"20230131";"FA";"EUR";"3661871125611";"3661871125611";"MINI BROSS NET GAZ 50 ML - Pack de 24";"Nettoyage";1.00;;58.80;;;58.80;2000;11.76;70.56;;;;
"MG Developpement";"441407061";"517780870";;"576";"ACUI";"MG4_187871";"20221116";"17386";"20221118";"f_12667";"20221118";"20230131";"FA";"EUR";"3661871125642";"3661871125642";"LINGETTE NETTOYANTE AUDIO - Pack de 20 boites de 50 Lingettes";"Nettoyage";1.00;;42.00;;;42.00;2000;8.40;50.40;;;;
"MG Developpement";"441407061";"517780870";;"576";;"MG4_187871";"20221116";"17386";"20221118";"f_12667";"20221118";"20230131";"FA";"EUR";"PORTLOC";"PORTLOC";"Port Local";"Consommable";1.00;;12.00;;;12.00;2000;2.40;14.40;;;;
"MG Developpement";"441407061";"517780870";;"518";"ACUI";"1_187845";"20221116";"17387";"20221118";"f_12668";"20221118";"20230131";"FA";"EUR";"3661871125642";"3661871125642";"LINGETTE NETTOYANTE AUDIO - Pack de 20 boites de 50 Lingettes";"Nettoyage";5.00;;42.00;;;210.00;2000;42.00;252.00;;;;
"MG Developpement";"441407061";"517780870";;"518";;"1_187845";"20221116";"17387";"20221118";"f_12668";"20221118";"20230131";"FA";"EUR";"PORTLOC";"PORTLOC";"Port Local";"Consommable";1.00;;20.00;;;20.00;2000;4.00;24.00;;;;
"MG Developpement";"441407061";"517780870";;"520";"ACUI";"C520002535";"20221114";"17388";"20221118";"f_12669";"20221118";"20230131";"FA";"EUR";"3661871125642";"3661871125642";"LINGETTE NETTOYANTE AUDIO - Pack de 20 boites de 50 Lingettes";"Nettoyage";8.00;;42.00;;;336.00;2000;67.20;403.20;;;;
"MG Developpement";"441407061";"517780870";;"567";"ACUI";"10112022_1";"20221110";"17389";"20221118";"f_12670";"20221118";"20230131";"FA";"EUR";"3661871125611";"3661871125611";"MINI BROSS NET GAZ 50 ML - Pack de 24";"Nettoyage";3.00;;58.80;;;176.40;2000;35.28;211.68;;;;
"MG Developpement";"441407061";"517780870";;"567";"ACUI";"10112022_1";"20221110";"17389";"20221118";"f_12670";"20221118";"20230131";"FA";"EUR";"3661871125642";"3661871125642";"LINGETTE NETTOYANTE AUDIO - Pack de 20 boites de 50 Lingettes";"Nettoyage";4.00;;42.00;;;168.00;2000;33.60;201.60;;;;
"MG Developpement";"441407061";"517780870";;"567";"ACUI";"10112022_1";"20221110";"17389";"20221118";"f_12670";"20221118";"20230131";"FA";"EUR";"3661871125697";"3661871125697";"SPRAY GAZ SECHAGE (Labo) 150 ML - Unité";"Séchage";2.00;;3.50;;;7.00;2000;1.40;8.40;;;;
"MG Developpement";"441407061";"517780870";;"567";"ACUI";"10112022_1";"20221110";"17389";"20221118";"f_12670";"20221118";"20230131";"FA";"EUR";"3661871125703";"3661871125703";"CAPSULE ASSECHANTE - Pack de 24 boites de 4 capsules";"Séchage";3.00;;48.00;;;144.00;2000;28.80;172.80;;;;
"MG Developpement";"441407061";"517780870";;"GA04";"GRAN";"C140001843";"20221116";"17390";"20221118";"f_12671";"20221118";"20230131";"FA";"EUR";"3661871126045";"3661871126045";"LINGETTES NETTOYANTE AUDIO (GA) - Pack 20 boites de 50 Lingettes";"Nettoyage";2.00;;42.00;;;84.00;2000;16.80;100.80;;;;
"MG Developpement";"441407061";"517780870";;"GA04";"GRAN";"C140001843";"20221116";"17390";"20221118";"f_12671";"20221118";"20230131";"FA";"EUR";"3661871126076";"3661871126076";"GOBELET DE SECHAGE (GA) - Pack de 20";"Séchage";1.00;;24.00;;;24.00;2000;4.80;28.80;;;;
"MG Developpement";"441407061";"517780870";;"GA04";;"C140001843";"20221116";"17390";"20221118";"f_12671";"20221118";"20230131";"FA";"EUR";"PORTLOC";"PORTLOC";"Port Local";"Consommable";1.00;;12.00;;;12.00;2000;2.40;14.40;;;;
"MG Developpement";"441407061";"517780870";;"GF04";"GRAN";"001GF04";"20221116";"17391";"20221118";"f_12672";"20221118";"20230131";"FA";"EUR";"3661871125994";"3661871125994";"MINI BROSS NET 50ML (GA) - Pack de 24";"Nettoyage";4.00;;58.80;;;235.20;2000;47.04;282.24;;;;
"MG Developpement";"441407061";"517780870";;"GF04";;"001GF04";"20221116";"17391";"20221118";"f_12672";"20221118";"20230131";"FA";"EUR";"PORTLOC";"PORTLOC";"Port Local";"Consommable";1.00;;16.00;;;16.00;2000;3.20;19.20;;;;
"MG Developpement";"441407061";"517780870";;"GA06";"GRAN";"C170000890";"20221117";"17392";"20221118";"f_12673";"20221118";"20230131";"FA";"EUR";"3661871126045";"3661871126045";"LINGETTES NETTOYANTE AUDIO (GA) - Pack 20 boites de 50 Lingettes";"Nettoyage";3.00;;42.00;;;126.00;2000;25.20;151.20;;;;
"MG Developpement";"441407061";"517780870";;"GA06";;"C170000890";"20221117";"17392";"20221118";"f_12673";"20221118";"20230131";"FA";"EUR";"PORTLOC";"PORTLOC";"Port Local";"Consommable";1.00;;16.00;;;16.00;2000;3.20;19.20;;;;
"MG Developpement";"441407061";"517780870";;"GA101";"GRAN";"1234_81";"20221116";"17393";"20221118";"f_12674";"20221118";"20230131";"FA";"EUR";"3661871125994";"3661871125994";"MINI BROSS NET 50ML (GA) - Pack de 24";"Nettoyage";1.00;;58.80;;;58.80;2000;11.76;70.56;;;;
"MG Developpement";"441407061";"517780870";;"GA101";"GRAN";"1234_81";"20221116";"17393";"20221118";"f_12674";"20221118";"20230131";"FA";"EUR";"3661871126045";"3661871126045";"LINGETTES NETTOYANTE AUDIO (GA) - Pack 20 boites de 50 Lingettes";"Nettoyage";2.00;;42.00;;;84.00;2000;16.80;100.80;;;;
"MG Developpement";"441407061";"517780870";;"GA101";"GRAN";"1234_81";"20221116";"17393";"20221118";"f_12674";"20221118";"20230131";"FA";"EUR";"3661871126076";"3661871126076";"GOBELET DE SECHAGE (GA) - Pack de 20";"Séchage";1.00;;24.00;;;24.00;2000;4.80;28.80;;;;
"MG Developpement";"441407061";"517780870";;"GA101";"GRAN";"1234_81";"20221116";"17393";"20221118";"f_12674";"20221118";"20230131";"FA";"EUR";"3661871126144";"3661871126144";"SPRAY GAZ SECHAGE 150ML (GA) - Pack de 12";"Séchage";1.00;;42.00;;;42.00;2000;8.40;50.40;;;;
"MG Developpement";"441407061";"517780870";;"GA101";;"1234_81";"20221116";"17393";"20221118";"f_12674";"20221118";"20230131";"FA";"EUR";"PORTLOC";"PORTLOC";"Port Local";"Consommable";1.00;;16.00;;;16.00;2000;3.20;19.20;;;;
"MG Developpement";"441407061";"517780870";;"561";"ACUI";"C561000691";"20221119";"17469";"20221122";"f_12707";"20221122";"20230131";"FA";"EUR";"3661871125642";"3661871125642";"LINGETTE NETTOYANTE AUDIO - Pack de 20 boites de 50 Lingettes";"Nettoyage";1.00;;42.00;;;42.00;2000;8.40;50.40;;;;
"MG Developpement";"441407061";"517780870";;"561";;"C561000691";"20221119";"17469";"20221122";"f_12707";"20221122";"20230131";"FA";"EUR";"PORTLOC";"PORTLOC";"Port Local";"Consommable";1.00;;10.00;;;10.00;2000;2.00;12.00;;;;
"MG Developpement";"441407061";"517780870";;"ARI004";"GRAN";"C804000002";"20221118";"17470";"20221122";"f_12708";"20221122";"20230131";"FA";"EUR";"3661871125994";"3661871125994";"MINI BROSS NET 50ML (GA) - Pack de 24";"Nettoyage";5.00;;58.80;;;294.00;2000;58.80;352.80;;;;
"MG Developpement";"441407061";"517780870";;"ARI004";;"C804000002";"20221118";"17470";"20221122";"f_12708";"20221122";"20230131";"FA";"EUR";"PORTLOC";"PORTLOC";"Port Local";"Consommable";1.00;;16.00;;;16.00;2000;3.20;19.20;;;;
"MG Developpement";"441407061";"517780870";;"GA05";"GRAN";"C160000363";"20221121";"17471";"20221122";"f_12709";"20221122";"20230131";"FA";"EUR";"3661871126045";"3661871126045";"LINGETTES NETTOYANTE AUDIO (GA) - Pack 20 boites de 50 Lingettes";"Nettoyage";3.00;;42.00;;;126.00;2000;25.20;151.20;;;;
"MG Developpement";"441407061";"517780870";;"GA05";;"C160000363";"20221121";"17471";"20221122";"f_12709";"20221122";"20230131";"FA";"EUR";"PORTLOC";"PORTLOC";"Port Local";"Consommable";1.00;;16.00;;;16.00;2000;3.20;19.20;;;;
"MG Developpement";"441407061";"517780870";;"DO568";"DIRE";"18112022EP";"20221118";"17485";"20221123";"f_12717";"20221123";"20230131";"FA";"EUR";"3661871126748";"3661871126748";"LINGETTE NETTOYANTE AUDIO (DO) - Pack de 20 boites de 50 Lingettes";"Nettoyage";1.00;;42.00;;;42.00;2000;8.40;50.40;;;;
"MG Developpement";"441407061";"517780870";;"DO568";"DIRE";"18112022EP";"20221118";"17485";"20221123";"f_12717";"20221123";"20230131";"FA";"EUR";"3661871126694";"3661871126694";"MINI BROSS NET GAZ 50ML (DO) - Pack de 24";"Nettoyage";1.00;;58.80;;;58.80;2000;11.76;70.56;;;;
"MG Developpement";"441407061";"517780870";;"DO568";;"18112022EP";"20221118";"17485";"20221123";"f_12717";"20221123";"20230131";"FA";"EUR";"PORTLOC";"PORTLOC";"Port Local";"Consommable";1.00;;16.00;;;16.00;2000;3.20;19.20;;;;
"MG Developpement";"441407061";"517780870";;"DO561";"DIRE";"C561001558";"20221117";"17486";"20221123";"f_12718";"20221123";"20230131";"FA";"EUR";"3661871126748";"3661871126748";"LINGETTE NETTOYANTE AUDIO (DO) - Pack de 20 boites de 50 Lingettes";"Nettoyage";1.00;;42.00;;;42.00;2000;8.40;50.40;;;;
"MG Developpement";"441407061";"517780870";;"DO561";"DIRE";"C561001558";"20221117";"17486";"20221123";"f_12718";"20221123";"20230131";"FA";"EUR";"3661871126694";"3661871126694";"MINI BROSS NET GAZ 50ML (DO) - Pack de 24";"Nettoyage";1.00;;58.80;;;58.80;2000;11.76;70.56;;;;
"MG Developpement";"441407061";"517780870";;"DO561";;"C561001558";"20221117";"17486";"20221123";"f_12718";"20221123";"20230131";"FA";"EUR";"PORTLOC";"PORTLOC";"Port Local";"Consommable";1.00;;16.00;;;16.00;2000;3.20;19.20;;;;
"MG Developpement";"441407061";"517780870";;"552";"ACUI";"C552000845";"20221122";"17490";"20221123";"f_12719";"20221123";"20230131";"FA";"EUR";"3661871125611";"3661871125611";"MINI BROSS NET GAZ 50 ML - Pack de 24";"Nettoyage";1.00;;58.80;;;58.80;2000;11.76;70.56;;;;
"MG Developpement";"441407061";"517780870";;"552";;"C552000845";"20221122";"17490";"20221123";"f_12719";"20221123";"20230131";"FA";"EUR";"PORTLOC";"PORTLOC";"Port Local";"Consommable";1.00;;10.00;;;10.00;2000;2.00;12.00;;;;
"MG Developpement";"441407061";"517780870";;"ARI001";"GRAN";"C801000002";"20221117";"17498";"20221123";"f_12720";"20221123";"20230131";"FA";"EUR";"3661871126007";"3661871126007";"CAPSULE ASSECHANTE (GA) - Pack 24 boites de 4 Capsules";"Séchage";1.00;;48.00;;;48.00;2000;9.60;57.60;;;;
"MG Developpement";"441407061";"517780870";;"ARI001";"GRAN";"C801000002";"20221117";"17498";"20221123";"f_12720";"20221123";"20230131";"FA";"EUR";"3661871126038";"3661871126038";"COMPRIMES EFFERVESCENTS (GA) - Pack de 24 boites de 20";"Nettoyage";1.00;;50.40;;;50.40;2000;10.08;60.48;;;;
"MG Developpement";"441407061";"517780870";;"ARI001";"GRAN";"C801000002";"20221117";"17498";"20221123";"f_12720";"20221123";"20230131";"FA";"EUR";"3661871126045";"3661871126045";"LINGETTES NETTOYANTE AUDIO (GA) - Pack 20 boites de 50 Lingettes";"Nettoyage";5.00;;42.00;;;210.00;2000;42.00;252.00;;;;
"MG Developpement";"441407061";"517780870";;"GF16";"GRAN";"C516000004";"20221118";"17499";"20221123";"f_12721";"20221123";"20230131";"FA";"EUR";"3661871125994";"3661871125994";"MINI BROSS NET 50ML (GA) - Pack de 24";"Nettoyage";1.00;;58.80;;;58.80;2000;11.76;70.56;;;;
"MG Developpement";"441407061";"517780870";;"GF16";"GRAN";"C516000004";"20221118";"17499";"20221123";"f_12721";"20221123";"20230131";"FA";"EUR";"3661871126007";"3661871126007";"CAPSULE ASSECHANTE (GA) - Pack 24 boites de 4 Capsules";"Séchage";1.00;;48.00;;;48.00;2000;9.60;57.60;;;;
"MG Developpement";"441407061";"517780870";;"GF16";"GRAN";"C516000004";"20221118";"17499";"20221123";"f_12721";"20221123";"20230131";"FA";"EUR";"3661871126045";"3661871126045";"LINGETTES NETTOYANTE AUDIO (GA) - Pack 20 boites de 50 Lingettes";"Nettoyage";1.00;;42.00;;;42.00;2000;8.40;50.40;;;;
"MG Developpement";"441407061";"517780870";;"GF16";"GRAN";"C516000004";"20221118";"17499";"20221123";"f_12721";"20221123";"20230131";"FA";"EUR";"3661871126076";"3661871126076";"GOBELET DE SECHAGE (GA) - Pack de 20";"Séchage";1.00;;24.00;;;24.00;2000;4.80;28.80;;;;
"MG Developpement";"441407061";"517780870";;"GF16";"GRAN";"C516000004";"20221118";"17499";"20221123";"f_12721";"20221123";"20230131";"FA";"EUR";"3661871126144";"3661871126144";"SPRAY GAZ SECHAGE 150ML (GA) - Pack de 12";"Séchage";1.00;;42.00;;;42.00;2000;8.40;50.40;;;;
"MG Developpement";"441407061";"517780870";;"GF16";;"C516000004";"20221118";"17499";"20221123";"f_12721";"20221123";"20230131";"FA";"EUR";"PORTLOC";"PORTLOC";"Port Local";"Consommable";1.00;;16.00;;;16.00;2000;3.20;19.20;;;;
"MG Developpement";"441407061";"517780870";;"GF12";"GRAN";"C512000002";"20221118";"17500";"20221123";"f_12722";"20221123";"20230131";"FA";"EUR";"3661871125994";"3661871125994";"MINI BROSS NET 50ML (GA) - Pack de 24";"Nettoyage";1.00;;58.80;;;58.80;2000;11.76;70.56;;;;
"MG Developpement";"441407061";"517780870";;"GF12";"GRAN";"C512000002";"20221118";"17500";"20221123";"f_12722";"20221123";"20230131";"FA";"EUR";"3661871126007";"3661871126007";"CAPSULE ASSECHANTE (GA) - Pack 24 boites de 4 Capsules";"Séchage";1.00;;48.00;;;48.00;2000;9.60;57.60;;;;
"MG Developpement";"441407061";"517780870";;"GF12";"GRAN";"C512000002";"20221118";"17500";"20221123";"f_12722";"20221123";"20230131";"FA";"EUR";"3661871126045";"3661871126045";"LINGETTES NETTOYANTE AUDIO (GA) - Pack 20 boites de 50 Lingettes";"Nettoyage";1.00;;42.00;;;42.00;2000;8.40;50.40;;;;
"MG Developpement";"441407061";"517780870";;"GF12";"GRAN";"C512000002";"20221118";"17500";"20221123";"f_12722";"20221123";"20230131";"FA";"EUR";"3661871126076";"3661871126076";"GOBELET DE SECHAGE (GA) - Pack de 20";"Séchage";1.00;;24.00;;;24.00;2000;4.80;28.80;;;;
"MG Developpement";"441407061";"517780870";;"GF12";;"C512000002";"20221118";"17500";"20221123";"f_12722";"20221123";"20230131";"FA";"EUR";"PORTLOC";"PORTLOC";"Port Local";"Consommable";1.00;;16.00;;;16.00;2000;3.20;19.20;;;;
"MG Developpement";"441407061";"517780870";;"GA206";"GRAN";"C206000395";"20221116";"17501";"20221123";"f_12723";"20221123";"20230131";"FA";"EUR";"3661871125956";"3661871125956";"GOBELET DE NETTOYAGE  (GA) - Pack de 20";"Nettoyage";1.00;;24.00;;;24.00;2000;4.80;28.80;;;;
"MG Developpement";"441407061";"517780870";;"GA206";"GRAN";"C206000395";"20221116";"17501";"20221123";"f_12723";"20221123";"20230131";"FA";"EUR";"3661871125994";"3661871125994";"MINI BROSS NET 50ML (GA) - Pack de 24";"Nettoyage";1.00;;58.80;;;58.80;2000;11.76;70.56;;;;
"MG Developpement";"441407061";"517780870";;"GA206";"GRAN";"C206000395";"20221116";"17501";"20221123";"f_12723";"20221123";"20230131";"FA";"EUR";"3661871126007";"3661871126007";"CAPSULE ASSECHANTE (GA) - Pack 24 boites de 4 Capsules";"Séchage";1.00;;48.00;;;48.00;2000;9.60;57.60;;;;
"MG Developpement";"441407061";"517780870";;"GA206";"GRAN";"C206000395";"20221116";"17501";"20221123";"f_12723";"20221123";"20230131";"FA";"EUR";"3661871126038";"3661871126038";"COMPRIMES EFFERVESCENTS (GA) - Pack de 24 boites de 20";"Nettoyage";1.00;;50.40;;;50.40;2000;10.08;60.48;;;;
"MG Developpement";"441407061";"517780870";;"GA206";"GRAN";"C206000395";"20221116";"17501";"20221123";"f_12723";"20221123";"20230131";"FA";"EUR";"3661871126045";"3661871126045";"LINGETTES NETTOYANTE AUDIO (GA) - Pack 20 boites de 50 Lingettes";"Nettoyage";1.00;;42.00;;;42.00;2000;8.40;50.40;;;;
"MG Developpement";"441407061";"517780870";;"GA206";"GRAN";"C206000395";"20221116";"17501";"20221123";"f_12723";"20221123";"20230131";"FA";"EUR";"3661871126076";"3661871126076";"GOBELET DE SECHAGE (GA) - Pack de 20";"Séchage";1.00;;24.00;;;24.00;2000;4.80;28.80;;;;
"MG Developpement";"441407061";"517780870";;"GA206";"GRAN";"C206000395";"20221116";"17501";"20221123";"f_12723";"20221123";"20230131";"FA";"EUR";"3661871126144";"3661871126144";"SPRAY GAZ SECHAGE 150ML (GA) - Pack de 12";"Séchage";1.00;;42.00;;;42.00;2000;8.40;50.40;;;;
"MG Developpement";"441407061";"517780870";;"GA206";;"C206000395";"20221116";"17501";"20221123";"f_12723";"20221123";"20230131";"FA";"EUR";"PORTLOC";"PORTLOC";"Port Local";"Consommable";1.00;;20.00;;;20.00;2000;4.00;24.00;;;;
"MG Developpement";"441407061";"517780870";;"523";"ACUI";"C523002206";"20221125";"17581";"20221128";"f_12763";"20221128";"20230131";"FA";"EUR";"3661871125611";"3661871125611";"MINI BROSS NET GAZ 50 ML - Pack de 24";"Nettoyage";1.00;;58.80;;;58.80;2000;11.76;70.56;;;;
"MG Developpement";"441407061";"517780870";;"523";"ACUI";"C523002206";"20221125";"17581";"20221128";"f_12763";"20221128";"20230131";"FA";"EUR";"3661871125642";"3661871125642";"LINGETTE NETTOYANTE AUDIO - Pack de 20 boites de 50 Lingettes";"Nettoyage";1.00;;42.00;;;42.00;2000;8.40;50.40;;;;
"MG Developpement";"441407061";"517780870";;"523";"ACUI";"C523002206";"20221125";"17581";"20221128";"f_12763";"20221128";"20230131";"FA";"EUR";"3661871125703";"3661871125703";"CAPSULE ASSECHANTE - Pack de 24 boites de 4 capsules";"Séchage";1.00;;48.00;;;48.00;2000;9.60;57.60;;;;
"MG Developpement";"441407061";"517780870";;"523";;"C523002206";"20221125";"17581";"20221128";"f_12763";"20221128";"20230131";"FA";"EUR";"PORTLOC";"PORTLOC";"Port Local";"Consommable";1.00;;16.00;;;16.00;2000;3.20;19.20;;;;
"MG Developpement";"441407061";"517780870";;"GA304";"GRAN";"C304000052";"20221125";"17582";"20221128";"f_12764";"20221128";"20230131";"FA";"EUR";"3661871125994";"3661871125994";"MINI BROSS NET 50ML (GA) - Pack de 24";"Nettoyage";2.00;;58.80;;;117.60;2000;23.52;141.12;;;;
"MG Developpement";"441407061";"517780870";;"GA304";"GRAN";"C304000052";"20221125";"17582";"20221128";"f_12764";"20221128";"20230131";"FA";"EUR";"3661871126045";"3661871126045";"LINGETTES NETTOYANTE AUDIO (GA) - Pack 20 boites de 50 Lingettes";"Nettoyage";2.00;;42.00;;;84.00;2000;16.80;100.80;;;;
"MG Developpement";"441407061";"517780870";;"GA304";;"C304000052";"20221125";"17582";"20221128";"f_12764";"20221128";"20230131";"FA";"EUR";"PORTLOC";"PORTLOC";"Port Local";"Consommable";1.00;;16.00;;;16.00;2000;3.20;19.20;;;;
"MG Developpement";"441407061";"517780870";;"GF09";"GRAN";"C208000002";"20221125";"17583";"20221128";"f_12765";"20221128";"20230131";"FA";"EUR";"3661871126045";"3661871126045";"LINGETTES NETTOYANTE AUDIO (GA) - Pack 20 boites de 50 Lingettes";"Nettoyage";1.00;;42.00;;;42.00;2000;8.40;50.40;;;;
"MG Developpement";"441407061";"517780870";;"GF09";"GRAN";"C208000002";"20221125";"17583";"20221128";"f_12765";"20221128";"20230131";"FA";"EUR";"3661871125994";"3661871125994";"MINI BROSS NET 50ML (GA) - Pack de 24";"Nettoyage";1.00;;58.80;;;58.80;2000;11.76;70.56;;;;
"MG Developpement";"441407061";"517780870";;"GF09";;"C208000002";"20221125";"17583";"20221128";"f_12765";"20221128";"20230131";"FA";"EUR";"PORTLOC";"PORTLOC";"Port Local";"Consommable";1.00;;10.00;;;10.00;2000;2.00;12.00;;;;
"MG Developpement";"441407061";"517780870";;"GA01";"GRAN";"C110003948";"20221125";"17584";"20221128";"f_12766";"20221128";"20230131";"FA";"EUR";"3661871126045";"3661871126045";"LINGETTES NETTOYANTE AUDIO (GA) - Pack 20 boites de 50 Lingettes";"Nettoyage";10.00;;42.00;;;420.00;2000;84.00;504.00;;;;
"MG Developpement";"441407061";"517780870";;"GF13";"GRAN";"C513000002";"20221128";"17604";"20221129";"f_12777";"20221129";"20230131";"FA";"EUR";"3661871125956";"3661871125956";"GOBELET DE NETTOYAGE  (GA) - Pack de 20";"Nettoyage";1.00;;24.00;;;24.00;2000;4.80;28.80;;;;
"MG Developpement";"441407061";"517780870";;"GF13";"GRAN";"C513000002";"20221128";"17604";"20221129";"f_12777";"20221129";"20230131";"FA";"EUR";"3661871125994";"3661871125994";"MINI BROSS NET 50ML (GA) - Pack de 24";"Nettoyage";1.00;;58.80;;;58.80;2000;11.76;70.56;;;;
"MG Developpement";"441407061";"517780870";;"GF13";"GRAN";"C513000002";"20221128";"17604";"20221129";"f_12777";"20221129";"20230131";"FA";"EUR";"3661871126007";"3661871126007";"CAPSULE ASSECHANTE (GA) - Pack 24 boites de 4 Capsules";"Séchage";1.00;;48.00;;;48.00;2000;9.60;57.60;;;;
"MG Developpement";"441407061";"517780870";;"GF13";"GRAN";"C513000002";"20221128";"17604";"20221129";"f_12777";"20221129";"20230131";"FA";"EUR";"3661871126038";"3661871126038";"COMPRIMES EFFERVESCENTS (GA) - Pack de 24 boites de 20";"Nettoyage";1.00;;50.40;;;50.40;2000;10.08;60.48;;;;
"MG Developpement";"441407061";"517780870";;"GF13";"GRAN";"C513000002";"20221128";"17604";"20221129";"f_12777";"20221129";"20230131";"FA";"EUR";"3661871126045";"3661871126045";"LINGETTES NETTOYANTE AUDIO (GA) - Pack 20 boites de 50 Lingettes";"Nettoyage";1.00;;42.00;;;42.00;2000;8.40;50.40;;;;
"MG Developpement";"441407061";"517780870";;"GF13";"GRAN";"C513000002";"20221128";"17604";"20221129";"f_12777";"20221129";"20230131";"FA";"EUR";"3661871126076";"3661871126076";"GOBELET DE SECHAGE (GA) - Pack de 20";"Séchage";1.00;;24.00;;;24.00;2000;4.80;28.80;;;;
"MG Developpement";"441407061";"517780870";;"GF13";"GRAN";"C513000002";"20221128";"17604";"20221129";"f_12777";"20221129";"20230131";"FA";"EUR";"3661871126144";"3661871126144";"SPRAY GAZ SECHAGE 150ML (GA) - Pack de 12";"Séchage";1.00;;42.00;;;42.00;2000;8.40;50.40;;;;
"MG Developpement";"441407061";"517780870";;"GF13";;"C513000002";"20221128";"17604";"20221129";"f_12777";"20221129";"20230131";"FA";"EUR";"PORTLOC";"PORTLOC";"Port Local";"Consommable";1.00;;21.00;;;21.00;2000;4.20;25.20;;;;
"MG Developpement";"441407061";"517780870";;"GA202";"GRAN";"C202000908";"20221128";"17605";"20221129";"f_12778";"20221129";"20230131";"FA";"EUR";"3661871125994";"3661871125994";"MINI BROSS NET 50ML (GA) - Pack de 24";"Nettoyage";5.00;;58.80;;;294.00;2000;58.80;352.80;;;;
"MG Developpement";"441407061";"517780870";;"GA202";;"C202000908";"20221128";"17605";"20221129";"f_12778";"20221129";"20230131";"FA";"EUR";"PORTLOC";"PORTLOC";"Port Local";"Consommable";1.00;;16.00;;;16.00;2000;3.20;19.20;;;;
"MG Developpement";"441407061";"517780870";;"533";"ACUI";"566954123_";"20221128";"17606";"20221129";"f_12779";"20221129";"20230131";"FA";"EUR";"3661871125642";"3661871125642";"LINGETTE NETTOYANTE AUDIO - Pack de 20 boites de 50 Lingettes";"Nettoyage";2.00;;42.00;;;84.00;2000;16.80;100.80;;;;
"MG Developpement";"441407061";"517780870";;"533";;"566954123_";"20221128";"17606";"20221129";"f_12779";"20221129";"20230131";"FA";"EUR";"PORTLOC";"PORTLOC";"Port Local";"Consommable";1.00;;12.00;;;12.00;2000;2.40;14.40;;;;
"MG Developpement";"441407061";"517780870";;"DO006";"DIRE";"18112022EP";"20221118";"17607";"20221129";"f_12780";"20221129";"20230131";"FA";"EUR";"3661871126694";"3661871126694";"MINI BROSS NET GAZ 50ML (DO) - Pack de 24";"Nettoyage";1.00;;58.80;;;58.80;2000;11.76;70.56;;;;
"MG Developpement";"441407061";"517780870";;"DO006";"DIRE";"18112022EP";"20221118";"17607";"20221129";"f_12780";"20221129";"20230131";"FA";"EUR";"3661871126748";"3661871126748";"LINGETTE NETTOYANTE AUDIO (DO) - Pack de 20 boites de 50 Lingettes";"Nettoyage";1.00;;42.00;;;42.00;2000;8.40;50.40;;;;
"MG Developpement";"441407061";"517780870";;"DO006";"DIRE";"18112022EP";"20221118";"17607";"20221129";"f_12780";"20221129";"20230131";"FA";"EUR";"3661871126700";"3661871126700";"CAPSULE ASSECHANTE (DO) - Pack de 24 boites de 4";"Séchage";1.00;;48.00;;;48.00;2000;9.60;57.60;;;;
"MG Developpement";"441407061";"517780870";;"DO006";"DIRE";"18112022EP";"20221118";"17607";"20221129";"f_12780";"20221129";"20230131";"FA";"EUR";"3661871127202";"3661871127202";"PERFECT CLEAN (Appareil d'Entretien) - (DO) - Pack de 2";"PerfectClean";1.00;;158.00;;;158.00;2000;31.60;189.60;;;;
"MG Developpement";"441407061";"517780870";;"DO006";"DIRE";"18112022EP";"20221118";"17607";"20221129";"f_12780";"20221129";"20230131";"FA";"EUR";"3661871126762";"3661871126762";"RECHARGE PERFECT CLEAN - (DO) - Pack de 10";"Refil PCL";1.00;;80.00;;;80.00;2000;16.00;96.00;;;;
"MG Developpement";"441407061";"517780870";;"DO006";"DIRE";"18112022EP";"20221118";"17607";"20221129";"f_12780";"20221129";"20230131";"FA";"EUR";"3661871126656";"3661871126656";"GOBELET DE NETTOYAGE ET DE SECHAGE (DO) - Pack de 20";"Mixte";1.00;;24.00;;;24.00;2000;4.80;28.80;;;;
"MG Developpement";"441407061";"517780870";;"DO006";"DIRE";"18112022EP";"20221118";"17607";"20221129";"f_12780";"20221129";"20230131";"FA";"EUR";"3661871126731";"3661871126731";"COMPRIME EFFERVESCENT (DO) - Pack 24 boites de 20";"Nettoyage";1.00;;50.40;;;50.40;2000;10.08;60.48;;;;
"MG Developpement";"441407061";"517780870";;"DO006";"DIRE";"18112022EP";"20221118";"17607";"20221129";"f_12780";"20221129";"20230131";"FA";"EUR";"3661871126793";"3661871126793";"SPRAY GAZ NETTOYAGE (Labo) - (DO) - Unité";"Séchage";2.00;;3.50;;;7.00;2000;1.40;8.40;;;;
"MG Developpement";"441407061";"517780870";;"GA105";"GRAN";"C105000029";"20221128";"17608";"20221129";"f_12781";"20221129";"20230131";"FA";"EUR";"3661871126007";"3661871126007";"CAPSULE ASSECHANTE (GA) - Pack 24 boites de 4 Capsules";"Séchage";1.00;;48.00;;;48.00;2000;9.60;57.60;;;;
"MG Developpement";"441407061";"517780870";;"GA105";"GRAN";"C105000029";"20221128";"17608";"20221129";"f_12781";"20221129";"20230131";"FA";"EUR";"3661871126045";"3661871126045";"LINGETTES NETTOYANTE AUDIO (GA) - Pack 20 boites de 50 Lingettes";"Nettoyage";1.00;;42.00;;;42.00;2000;8.40;50.40;;;;
"MG Developpement";"441407061";"517780870";;"GA105";;"C105000029";"20221128";"17608";"20221129";"f_12781";"20221129";"20230131";"FA";"EUR";"PORTLOC";"PORTLOC";"Port Local";"Consommable";1.00;;12.00;;;12.00;2000;2.40;14.40;;;;
